date,xchange,ychange
2015-08-20,-0.810269135331,-0.501255422676
2015-08-19,-0.47245582538,-0.65285234817
2015-08-18,-0.56258790436,-0.973664549096
2015-08-17,-0.187178287319,1.79091792214
2015-08-14,0.272728550743,-0.46552648048
2015-08-13,0.209175519413,-1.40320102164
2015-08-12,0.0704721634954,1.35285207363
2015-08-11,0.513108877486,-0.983823743602
2015-08-10,1.07981220657,1.43540452371
2015-08-07,0.34369542438,-1.72785964855
2015-08-06,0.171869193608,-0.935380507326
2015-08-05,0.177357787915,-0.31725465984
2015-08-04,0.49036859764,0.171632693164
2015-08-03,-0.419776119403,-0.74770773878
2015-07-31,-0.557620817844,-1.32102749677
2015-07-30,0.170258419629,-0.294371314248
2015-07-29,-0.358452933874,1.06541657788
2015-07-28,1.60083513618,1.76702006981
2015-07-27,-0.507554296506,0.263684916005
2015-07-24,-0.594467885607,-4.20921216048
2015-07-23,-0.551920076384,-3.43712299711
2015-07-22,-0.0556844547564,-0.179676582152
2015-07-21,-0.536504424779,-0.811720483537
2015-07-20,0.296515937732,-1.15437485513
2015-07-17,0.0648688722083,-1.65289451572
2015-07-16,0.673643971003,-0.210164310279
2015-07-15,0.611764705882,-1.36312381674
2015-07-14,0.031648559282,2.03924778761
2015-07-13,0.322213798332,0.464212756978
2015-07-10,0.0954198473282,0.724919656643
2015-07-09,-0.0288739172281,-0.396355536987
2015-07-08,0.0417273168365,-1.31526504583
2015-07-07,1.11977458768,0.593587245873
2015-07-06,0.30261616556,-0.393933425251
2015-07-02,-0.47220879652,-0.445650059181
2015-07-01,-0.181387249686,-0.522650019357
2015-06-30,-0.866240805265,-0.311716333072
2015-06-29,-1.73521234781,-2.04435302003
2015-06-26,-0.0476190476191,-0.132734162581
2015-06-25,-0.427553444181,0.05640534041
2015-06-24,-0.585623878341,-0.561805222404
2015-06-23,-0.45006530175,0.299569369032
2015-06-22,-0.514788468738,-0.279904832991
2015-06-19,-0.627982448335,-0.597013081978
2015-06-18,1.49600512103,0.412218482522
2015-06-17,0.0714285714286,1.00340401363
2015-06-16,0.195844279914,1.13461538462
2015-06-15,-0.285850404955,0.601361796341
2015-06-12,-0.608347087951,-0.460833315636
2015-06-11,0.0755500991595,0.172844248128
2015-06-10,0.618752974774,0.173410397942
2015-06-09,0.143266475645,-0.0775814569903
2015-06-08,-0.662251655629,-1.34356243161
2015-06-05,-0.498541999812,-1.10161819177
2015-06-04,-0.851635410497,0.855515241655
2015-06-03,-0.419019688821,0.531003223971
2015-06-02,-0.130172013017,1.44508664951
2015-06-01,0.0650376289139,0.36488957173
2015-05-29,-1.05030403538,0.930412870711
2015-05-28,-0.137690471819,0.702989664186
2015-05-27,0.620083294771,1.18577672671
2015-05-26,-0.596787944423,-0.706161239702
2015-05-22,-0.358159610616,0.254106724003
2015-05-21,-0.484629096894,0.60701194439
2015-05-20,-0.170077307867,0.353912694575
2015-05-19,0.639269406393,-0.392695857059
2015-05-18,0.166849515451,-0.990095165603
2015-05-15,-0.572535573149,0.703804469059
2015-05-14,0.607951547409,0.254355307095
2015-05-13,-0.0414193013945,-0.451332426439
2015-05-12,-0.538407792528,-1.10636451863
2015-05-11,-1.54708520179,0.154384407565
2015-05-08,1.1711302769,1.24975397871
2015-05-07,0.9694395716,-0.0789285714286
2015-05-06,-1.08675799087,-1.64314517688
2015-05-05,-0.547445255474,-0.964320191488
2015-05-04,0.684113865932,-0.366508487654
2015-05-01,0.528262510132,0.838862693674
2015-04-30,-0.280373831776,-1.04773183842
2015-04-29,0.093370681606,0.623903282825
2015-04-28,1.24705882353,0.993956324421
2015-04-27,-0.92741465688,0.136184819604
2015-04-24,-0.0582438319782,-0.0586568892021
2015-04-23,0.298925735638,0.294989195476
2015-04-22,0.415614773259,1.05050505051
2015-04-21,-0.61463959769,-0.878414853264
2015-04-20,0.0467289719626,0.380757499769
2015-04-17,-0.00375604488474,0.0806146731281
2015-04-16,0.0793724904286,-0.280615359403
2015-04-15,0.193689909456,2.28617871867
2015-04-14,-0.316132031613,0.867593472423
2015-04-13,0.106619692194,-0.597201388031
2015-04-10,0.0516039051604,-0.819844213572
2015-04-09,0.323514625654,0.764943162393
2015-04-08,-0.542592592593,-0.309152926628
2015-04-07,-0.415896487985,-0.123511728139
2015-04-06,0.387578908281,0.953958918416
2015-04-02,0.160071060448,1.32325349037
2015-04-01,-0.734281780633,-0.270657927767
2015-03-31,-0.865998176846,-1.39745170571
2015-03-30,0.779816513761,-0.65306122449
2015-03-27,0.0691722388748,-1.34270192109
2015-03-26,0.139391216964,0.278196019688
2015-03-25,-0.32154340836,-1.38976620805
2015-03-24,-0.536266758336,0.233547780618
2015-03-23,-0.229979466119,-0.0846202665538
2015-03-20,-0.410583941606,1.13345385515
2015-03-19,-0.772879134084,-0.722328446994
2015-03-18,0.606757214687,2.70036719161
2015-03-17,-0.352822121126,-0.256682352941
2015-03-16,0.527593313488,0.0638276595745
2015-03-13,-1.08519362187,-0.212095431088
2015-03-12,0.410504157553,0.914310034325
2015-03-11,-0.112516934947,-0.658315990656
2015-03-10,-1.02435693148,-0.548866382708
2015-03-09,0.730927364093,-0.24973777835
2015-03-06,-0.302540152637,-2.97510827768
2015-03-05,0.81061841229,-1.80759586649
2015-03-04,-0.406407322654,0.936670720084
2015-03-03,-0.716293408287,0.244247908727
2015-03-02,-0.691753041911,0.223387480772
2015-02-27,-0.481439820023,0.0
2015-02-26,-0.312183219255,-0.705641157486
2015-02-25,-0.49783453141,0.0
2015-02-24,0.996835443038,0.221327963354
2015-02-23,-0.8078994614,0.589432914849
2015-02-20,1.07783128927,-0.0605367219424
2015-02-19,-0.340155949804,1.57432017992
2015-02-18,-0.295354873355,0.590392927329
2015-02-17,0.156985871272,2.18512068378
2015-02-13,-0.596274956452,0.77455766868
2015-02-12,-0.24,1.23584554554
2015-02-11,-0.313639776276,-0.269647381656
2015-02-10,-0.0488346281909,0.0
2015-02-09,-0.242713041929,0.103710850523
2015-02-06,-0.0533333333333,0.791341107872
2015-02-05,1.0643803866,2.59712169994
2015-02-04,-0.438288288288,-0.666232552466
2015-02-03,0.172678088368,2.20139053615
2015-02-02,1.89767639965,-0.220650926743
2015-01-30,-1.83492496589,1.52877697842
2015-01-29,0.916513761468,2.13296573633
2015-01-28,-2.48765154917,-2.73508803187
2015-01-27,-0.202738318894,0.844746594629
2015-01-26,0.126842340331,0.292597344137
2015-01-23,-0.466637010676,-1.28461123878
2015-01-22,1.08766489135,0.844822143175
2015-01-21,-0.51522480285,1.79749939027
2015-01-20,-0.608928571429,-1.93333111111
2015-01-16,1.18783655369,3.53676160595
2015-01-15,-0.447180962226,-0.276304397882
2015-01-14,0.395013687473,1.0
2015-01-13,-0.822329652344,-2.04402291105
2015-01-12,-1.36189272489,-0.518249199679
2015-01-09,-1.24175824176,-0.936877049437
2015-01-08,0.245882789974,0.815958767361
2015-01-07,0.440449438202,-1.47558913679
2015-01-06,-0.298493962281,-1.69606509055
2015-01-05,-1.16952525772,-2.1267147126
2015-01-02,-1.59750033006,-0.218864088835
2014-12-31,-0.955386098694,-0.998478402431
2014-12-30,0.397623058619,0.479829900974
2014-12-29,0.735099337748,-0.130267040159
2014-12-26,-0.352396161917,0.649631875271
2014-12-24,-0.607722685388,0.130570182142
2014-12-23,-0.0921699438202,0.393015292424
2014-12-22,0.0303095527804,-0.586448727488
2014-12-19,-0.116588940706,0.813721116918
2014-12-18,1.14689016321,-1.02285307894
2014-12-17,1.73515981735,3.60464883721
2014-12-16,0.112274591573,-0.950834901457
2014-12-15,-1.37222504851,-0.366888319952
2014-12-12,-2.23214285714,-5.14223839951
2014-12-11,0.276563475778,-1.70904290303
2014-12-10,-0.776397515528,-2.7287972865
2014-12-09,-0.42686699072,0.963954296648
2014-12-08,0.669509689109,-3.37527261833
2014-12-05,-0.00443164192333,0.239806150284
2014-12-04,0.117803956435,1.42653352354
2014-12-03,-0.626383355467,1.20826536112
2014-12-02,0.536193029491,1.39177817598
2014-12-01,-0.257731958763,-0.475695986585
2014-11-28,0.161648817943,-3.00917098446
2014-11-26,0.0503825928142,0.719982500875
2014-11-25,0.185256308881,-1.85256298983
2014-11-24,0.216252975179,-0.438186304508
2014-11-21,-0.165683159328,-0.825823964449
2014-11-20,0.206611570248,0.941176470588
2014-11-19,-0.116545322419,-1.20898289754
2014-11-18,0.150086940606,1.91818359757
2014-11-17,-0.00228785833581,-0.525394055758
2014-11-14,-0.596358927831,1.64225956387
2014-11-13,0.294526562271,-0.833668105723
2014-11-12,0.103729202524,-0.736021483986
2014-11-11,-0.479853479853,-0.0605428871956
2014-11-10,0.7415504472,-0.181561428283
2014-11-07,-0.11894473716,-0.682182985554
2014-11-06,-0.00977558059966,1.40472722729
2014-11-05,-0.299815176048,2.01286785667
2014-11-04,0.519112789051,-2.39999589744
2014-11-03,0.125690706002,-0.344823536406
2014-10-31,-0.487139147412,1.3333374359
2014-10-30,-0.10513739546,1.75032061368
2014-10-29,-0.533871159094,-1.18873824424
2014-10-28,0.510739856802,1.50200973133
2014-10-27,0.371797147476,-2.22922612469
2014-10-24,0.8054764692,1.21771569982
2014-10-23,-0.426315789474,-2.23498052081
2014-10-22,-1.09192787529,-4.89412694978
2014-10-21,0.696022040698,2.3566901213
2014-10-20,0.266435463681,0.780056304223
2014-10-17,0.740214220937,1.29784428724
2014-10-16,1.30391173521,3.49132485549
2014-10-15,-0.397822240902,2.46340001077
2014-10-14,0.475493782004,-2.6589873109
2014-10-13,-0.00341596720671,-5.37521090589
2014-10-10,-0.701839303001,0.826621449767
2014-10-09,-1.97619047619,-3.52070800077
2014-10-08,2.41463414634,1.29659438216
2014-10-07,-1.42548076923,-1.59045530001
2014-10-06,-0.80370942813,-0.92211298956
2014-10-03,0.626657025789,0.0790767070353
2014-10-02,0.609756097561,1.65322587311
2014-10-01,-1.18421687328,-3.42649489179
2014-09-30,-0.265604889829,-1.68729096363
2014-09-29,0.106711733462,0.602636557538
2014-09-26,1.24185232026,1.496781006
2014-09-25,-1.85802763221,-0.654448391922
2014-09-24,0.768307322929,0.962086435091
2014-09-23,-0.198697692234,0.0758312796209
2014-09-22,-1.03231491527,-0.82551221061
2014-09-19,-0.562851782364,-0.797470355989
2014-09-18,0.772633749745,-1.61557000889
2014-09-17,0.185991218147,0.445190131701
2014-09-16,0.408409859836,0.848578179306
2014-09-15,0.611607424788,0.64516127808
2014-09-12,-0.706908290238,-0.697592369955
2014-09-11,0.41018421883,-0.0378090722946
2014-09-10,0.242424242424,0.0374971878515
2014-09-09,-1.05735449327,-1.54696135446
2014-09-08,-0.108472942027,-0.839874018623
2014-09-05,0.0668080285822,0.902224251478
2014-09-04,-0.207478890229,0.592921982714
2014-09-03,-0.626744969674,0.372441333847
2014-09-02,-0.125121377398,-0.0186743835199
2014-08-29,0.896839010047,-0.409151943463
2014-08-28,-0.127263827704,0.205492251177
2014-08-27,0.0801654144894,0.675675688357
2014-08-26,-0.147891448653,-0.0564709193211
2014-08-25,-0.0102639296188,-0.112799400504
2014-08-22,-0.521994134897,0.207549056604
2014-08-21,1.16371382502,-0.487534202605
2014-08-20,0.0118598169635,0.547068498286
2014-08-19,-0.101082320456,0.169843360263
2014-08-18,0.00938735177867,1.03171761559
2014-08-15,-1.04401278584,-0.34482949531
2014-08-14,1.62825651303,-0.818112617616
2014-08-13,-0.175535107021,0.864555251961
2014-08-12,0.842365901109,0.0
2014-08-11,0.152251655294,-1.22044243365
2014-08-08,1.23961826154,1.77146197725
2014-08-07,-0.343658498998,-0.81175489711
2014-08-06,0.786205245878,1.53816410054
2014-08-05,-1.02879177378,-0.680277926525
2014-08-04,1.13415154638,0.957220178887
2014-08-01,1.13650936137,-0.449218741226
2014-07-31,-1.40613289869,-2.01457985446
2014-07-30,0.269874476987,-2.30826689672
2014-07-29,-0.599032811606,-0.81647431465
2014-07-28,0.763917957304,-0.260027860327
2014-07-25,-0.62981978424,0.130499629577
2014-07-24,0.125390218522,-0.259355316784
2014-07-23,-0.193169485453,1.60256030161
2014-07-22,-0.33937587948,0.42242125874
2014-07-21,0.609819660169,0.3094777503
2014-07-18,0.852457298543,-0.0580085062257
2014-07-17,-1.09889537307,-0.0967098627329
2014-07-16,-0.55554117373,0.676718857759
2014-07-15,-0.363861897871,-0.405795169082
2014-07-14,-0.0635649059704,-0.847129396364
2014-07-11,0.35376131516,0.781244125366
2014-07-10,0.306913100343,0.987751896242
2014-07-09,0.219606784448,0.0781880375293
2014-07-08,-0.0830909846282,-0.546124439243
2014-07-07,-0.172241676279,-0.755519193249
2014-07-03,0.864853600083,0.560280160753
2014-07-02,0.366352201258,-0.328881801681
2014-07-01,0.210415570752,-0.0193947627429
2014-06-30,-0.157728706625,-0.329269798
2014-06-27,0.0835084033614,-0.289793287859
2014-06-26,-0.143045025125,-0.51536553761
2014-06-25,0.347368421053,0.515859763088
2014-06-24,0.148507812459,-0.871540372708
2014-06-23,-0.165602081855,0.417696997065
2014-06-20,-0.636862941462,0.575048900711
2014-06-19,-0.266492146597,-0.401681338976
2014-06-18,0.891581565162,1.19460111003
2014-06-17,-0.0634551319338,-0.268505950681
2014-06-16,0.132275132275,0.287626067589
2014-06-13,-0.748887143231,0.885643066724
2014-06-12,-0.868535948459,-1.40311333322
2014-06-11,0.218299659265,-0.0944982044982
2014-06-10,0.381573796163,0.41564708105
2014-06-09,-0.457987551867,-0.150740531374
2014-06-06,0.267699345046,0.815939263455
2014-06-05,0.776413807575,0.0190039912753
2014-06-04,0.0214969196487,0.632786169404
2014-06-03,-0.305235602094,0.458281467601
2014-06-02,-0.287051482059,0.671008435583
2014-05-30,0.18262457605,-0.648112860239
2014-05-29,0.646376887447,1.33256472253
2014-05-28,0.0397323295692,1.8893898467
2014-05-27,0.0837082766558,0.354679802956
2014-05-23,-0.286237031523,1.82841068917
2014-05-22,0.45711453698,-0.080291047772
2014-05-21,0.251188660626,-0.120002
2014-05-20,-0.707950669116,-0.0602732569821
2014-05-19,0.210526315789,0.879165814762
2014-05-16,-0.0997899159664,0.6576243321
2014-05-15,-0.780152991722,-3.10942208927
2014-05-14,0.115062761506,0.440178071228
2014-05-13,0.170234986945,-0.139664807256
2014-05-12,-0.616224648986,0.88566626409
2014-05-09,0.72981530343,0.0406091370558
2014-05-08,-0.666231221424,-0.48534276066
2014-05-07,1.49742481083,0.670870109186
2014-05-06,-0.913263741261,-0.203206669441
2014-05-05,-0.00526870389884,1.71028645601
2014-05-02,-0.909700030925,-0.71370716326
2014-05-01,0.0967433197962,-2.3064620476
2014-04-30,0.246889247351,2.44303638766
2014-04-29,0.529943089855,1.69138028172
2014-04-28,-0.519233467949,-2.79547984397
2014-04-25,0.108147837043,-0.979991833401
2014-04-24,-0.522193211488,-0.845747080145
2014-04-23,-0.352526439483,-1.67297354457
2014-04-22,0.644330576942,0.0817934526874
2014-04-21,-1.04086695391,-0.306752543691
2014-04-17,0.931279119017,0.640365626937
2014-04-16,1.44950886408,0.978557172154
2014-04-15,0.94616639478,-0.0630210110513
2014-04-14,-0.156948228883,0.29560599038
2014-04-11,-0.131693989071,-0.949369158254
2014-04-10,-1.55555555556,-2.45398967468
2014-04-09,0.268069039914,1.34520074503
2014-04-08,-0.0324851109908,-0.0208028277536
2014-04-07,-0.351225512676,-1.540673788
2014-04-04,-0.515223736711,-3.04659890389
2014-04-03,-0.172018348624,-0.879998
2014-04-02,0.0316014997322,0.301511557789
2014-04-01,-0.153066666667,1.73966021818
2014-03-31,0.723098841429,0.0
2014-03-28,-0.350376749193,0.0
2014-03-27,0.135171668018,-2.06122040816
2014-03-26,-1.4156739142,-1.94405871851
2014-03-25,-0.564890459213,0.4562566951
2014-03-24,-0.794621677109,-0.198961408634
2014-03-21,-0.0399095383797,-0.849131138411
2014-03-20,1.38098576623,1.49495353535
2014-03-19,-0.540949908039,-0.461474719101
2014-03-18,-0.291262135922,1.0785490655
2014-03-17,0.37971250339,0.102143000978
2014-03-14,-1.05744652227,0.144092213088
2014-03-13,-1.27557799628,-1.03552893401
2014-03-12,0.671320872074,0.0612224489796
2014-03-11,0.0941554099238,-0.82544798975
2014-03-10,1.30489839619,0.972652521688
2014-03-07,0.312774633049,-0.801446603887
2014-03-06,1.51909456169,-0.380232131674
2014-03-05,0.656942120357,1.03238457359
2014-03-04,1.33104849958,1.18657526214
2014-03-03,0.229753015508,0.832635286581
2014-02-28,1.01651546871,0.911537186658
2014-02-27,1.1330577247,1.52783385366
2014-02-26,-0.191451990632,1.24894152206
2014-02-25,0.660373464779,0.38265305309
2014-02-24,-0.129239951594,0.10660767136
2014-02-21,0.0705882352941,-0.739805522304
2014-02-20,-0.0917647058824,1.35454961748
2014-02-19,-1.17373619988,-0.578034694456
2014-02-18,-0.408672882502,0.623783582543
2014-02-14,0.264581031575,1.19150563258
2014-02-13,1.45028275212,1.02552253871
2014-02-12,-0.444704505559,0.281135368463
2014-02-11,0.971132494449,2.3377758357
2014-02-10,-0.341779611078,1.19205521395
2014-02-07,1.37112833185,-0.740097969963
2014-02-06,0.423472474289,1.46895170265
2014-02-05,-0.650923402967,0.583085893698
2014-02-04,-0.532890766445,-0.508962171033
2014-02-03,-2.55543959575,-1.60721935743
2014-01-31,0.889195736146,2.63869643663
2014-01-30,0.738770685579,0.154728109871
2014-01-29,0.00651902072455,-1.30185348632
2014-01-28,0.0958296362023,-0.324074066572
2014-01-27,0.0350875106303,-0.942312155473
2014-01-24,-0.693085645583,-1.83175255921
2014-01-23,-1.17216967446,-1.06194687916
2014-01-22,-0.118428653957,-1.03986135182
2014-01-21,-0.260190806591,0.152636281015
2014-01-17,-0.404507367813,0.116225011622
2014-01-16,-0.64807360552,0.48973646246
2014-01-15,0.570419272643,0.890557810666
2014-01-14,0.600977683812,1.52345639245
2014-01-13,-1.16078658184,-1.36567456167
2014-01-10,-0.610599078341,0.446846190028
2014-01-09,-0.457527624309,-1.73010388605
2014-01-08,-0.662692043109,0.115980048342
2014-01-07,-0.225101381538,-1.48536798379
2014-01-06,-1.25622453599,-0.479449782636
2014-01-03,0.0221217604383,-0.817626636785
2014-01-02,-0.664788732394,-0.746610842837
2013-12-31,0.508474576271,-0.515346168153
2013-12-30,-0.298986486486,0.450441421151
2013-12-27,0.248981439565,0.224714606742
2013-12-26,0.511363636364,0.628082071418
2013-12-24,0.0636732651878,0.954540909091
2013-12-23,0.599370889334,-0.363306077127
2013-12-20,0.664985095162,-0.409463157631
2013-12-19,0.384526957122,1.73812274678
2013-12-18,2.13292226175,2.88483559033
2013-12-17,-0.385784428338,1.46670113008
2013-12-16,-0.225040081621,-0.0480562241244
2013-12-13,-0.233236151603,1.34244321839
2013-12-12,-0.00641358280227,-0.463987778657
2013-12-11,-1.07780979827,-1.95844284591
2013-12-10,-1.15331578288,2.88105878155
2013-12-09,0.242476108972,3.84321191542
2013-12-06,0.551787561789,0.409099963971
2013-12-05,0.199820451189,-0.566574784106
2013-12-04,1.43232972815,0.803517324857
2013-12-03,-0.0516780861688,-2.73800545747
2013-12-02,-0.893982808023,1.52361347071
2013-11-29,-0.325119780972,-0.661238555443
2013-11-27,-0.214285714286,0.565835890796
2013-11-26,0.772334293948,-0.614906497948
2013-11-25,-1.3456667141,-1.76278271878
2013-11-22,0.00114385065886,0.354251012146
2013-11-21,0.983691880638,0.583753777474
2013-11-20,-0.660039395021,-1.25754533489
2013-11-19,0.138312586445,-0.501255613972
2013-11-18,-0.453032915046,-0.722114043825
2013-11-15,0.461095100865,0.149370184186
2013-11-14,0.475944788086,0.72845263179
2013-11-13,0.700192450557,1.09777896849
2013-11-12,-1.06841557841,-0.65656063922
2013-11-11,-0.238642898217,0.634356762243
2013-11-08,1.40039459279,2.63905807819
2013-11-07,-0.932252460915,-1.80295322999
2013-11-06,-0.37888647867,1.05534110967
2013-11-05,0.0023289665211,1.04384394572
2013-11-04,-0.955401182165,-1.76515221284
2013-11-01,-0.0565754531809,-1.56684104119
2013-10-31,-0.720803443329,0.304963166707
2013-10-30,-1.04887960588,-0.90863455095
2013-10-29,0.451484018265,0.203143722622
2013-10-28,0.0285143997719,-1.26230746624
2013-10-25,0.236543043406,-2.15399609195
2013-10-24,-0.119841808812,1.09506968641
2013-10-23,-0.679204068398,-0.629535124202
2013-10-22,0.0795454545454,0.26544402185
2013-10-21,-0.159635119726,0.412726399921
2013-10-18,-0.340909090909,-0.577612528944
2013-10-17,0.426833809821,0.730102214651
2013-10-16,1.30459969876,0.982079548245
2013-10-15,-1.17836408576,-0.858261423694
2013-10-14,1.27553689988,0.319491283349
2013-10-11,0.772021477289,1.35735439289
2013-10-10,1.58187032904,2.43408474731
2013-10-09,0.0773464227279,0.750704096539
2013-10-08,-1.33631864247,-1.93482438734
2013-10-07,-0.0907970685518,-0.152250697792
2013-10-04,0.201291079812,3.06701812028
2013-10-03,-0.645821157218,0.414397813665
2013-10-02,0.822452542901,1.41509696017
2013-10-01,0.346166934604,-0.390010410557
2013-09-30,-0.114299111984,-0.285629721404
2013-09-27,-0.450893115209,-2.0336479019
2013-09-26,0.0582135920092,0.426926167755
2013-09-25,0.474065488264,1.63182045814
2013-09-24,-0.775960747545,-0.229591830878
2013-09-23,-0.919783043106,-0.833960070761
2013-09-20,-0.681044267877,-2.24082732724
2013-09-19,0.0711439954468,-0.270137517924
2013-09-18,1.02814852445,3.62668272889
2013-09-17,0.370091509325,-0.226130658948
2013-09-16,0.612423447069,-1.16712441023
2013-09-13,0.0911764705882,2.30946363076
2013-09-12,-0.380896571931,-2.11586896434
2013-09-11,0.492668621701,-0.100278267743
2013-09-10,0.378578241466,2.51282051282
2013-09-09,0.52380952381,0.674453973397
2013-09-06,-0.495843230404,-0.438933643171
2013-09-05,0.0249705703992,1.64064298384
2013-09-04,0.0945865556216,1.07008557865
2013-09-03,-0.201980597981,-1.16156807916
2013-08-30,-0.699059598397,-0.822055179582
2013-08-29,-0.101058138152,0.508968630647
2013-08-28,0.949101796407,-0.0533760327362
2013-08-27,-1.55882352941,-1.75254773738
2013-08-26,-0.488826815642,-0.0517093380765
2013-08-23,-0.798499122751,3.86059795873
2013-08-22,0.382395802973,0.0538095267048
2013-08-21,-1.00444552636,0.869090168387
2013-08-20,0.830540579921,0.736098691385
2013-08-19,-0.64824469934,-0.407824915928
2013-08-16,0.623074687591,-0.2973
2013-08-15,-0.695937015114,-0.588699507324
2013-08-14,-0.594425483504,-0.158690818337
2013-08-13,-0.15625,0.477453568237
2013-08-12,0.715186246418,-0.345655401605
2013-08-09,-0.624290578888,3.22931632181
2013-08-08,0.155437181255,1.20646829705
2013-08-07,-0.680272108844,1.05820384294
2013-08-06,-0.0254381006218,-1.04280463894
2013-08-05,-0.683396818284,0.578990901572
2013-08-02,0.170261066969,2.66440483743
2013-08-01,0.0569476082005,0.0565319373507
2013-07-31,-0.229489386116,-0.227784744527
2013-07-30,-1.07381020234,0.602591139317
2013-07-29,-0.623576309795,0.864550407362
2013-07-26,0.4545194998,-0.258695019871
2013-07-25,0.712399540758,0.114452071117
2013-07-24,-1.82260912598,-0.636024862677
2013-07-23,-0.78199343954,-1.08789292871
2013-07-22,-0.378423700391,-0.057789654499
2013-07-19,0.336001080606,0.231274934952
2013-07-18,0.410848200914,-0.489202877698
2013-07-17,-0.0623402531014,1.19463869464
2013-07-16,-0.221856559237,-0.990964704431
2013-07-15,0.0762477026112,0.496646216769
2013-07-12,0.174658531156,-0.20473823354
2013-07-11,1.00345602907,-0.40768491555
2013-07-10,-0.630397236615,-0.559149499706
2013-07-09,0.150449619553,1.61290322581
2013-07-08,-0.231347599769,0.57750148465
2013-07-05,1.35432607416,-0.122215093187
2013-07-03,0.49720471036,0.30930403283
2013-07-02,-0.589517078916,0.0616934029422
2013-07-01,0.249408983452,0.277692070349
2013-06-28,-0.409937741444,-0.371641363529
2013-06-27,-0.545067957287,-0.0926590459339
2013-06-26,-0.202705887899,-1.22698473785
2013-06-25,0.496169760513,-0.550795593635
2013-06-24,-0.928576955815,0.46582917808
2013-06-21,-0.445686078377,-2.68415755097
2013-06-20,-1.03911872359,-1.65926222222
2013-06-19,-1.01215981471,-1.33102716056
2013-06-18,-0.111706622524,1.1098042576
2013-06-17,0.249593684699,-0.698086076263
2013-06-14,-0.661832946636,-1.47741019699
2013-06-13,2.0600756859,2.84951922973
2013-06-12,-0.953033256646,-1.71611396986
2013-06-11,-0.59880239521,0.117788578262
2013-06-10,-0.503597122302,-0.607987822583
2013-06-07,1.49632229925,1.14840698317
2013-06-06,1.55552234345,0.773113268715
2013-06-05,-1.41342756184,-2.20801291156
2013-06-04,-0.499698306415,0.668799088944
2013-06-03,-0.5753344968,-0.0872825163597
2013-05-31,-0.666859959409,-0.663015297291
2013-05-30,1.29411764706,-0.741591536178
2013-05-29,0.955309626398,-0.228443746431
2013-05-28,0.0255409635477,-1.18442755737
2013-05-24,-0.0704238068582,0.602245500495
2013-05-23,1.00411323494,1.56249127423
2013-05-22,-0.887049083383,-1.12612894144
2013-05-21,-0.301119622864,0.167967520494
2013-05-20,-0.118063754427,-0.58626186488
2013-05-17,0.54426856122,1.9061108446
2013-05-16,-0.828097213989,-0.0284904577474
2013-05-15,0.125646010147,1.52254807462
2013-05-14,0.66428783824,1.83673766288
2013-05-13,-0.491656114193,0.0291147350029
2013-05-10,0.889957907396,-1.28903179605
2013-05-09,0.00120410841793,1.42317165263
2013-05-08,0.832014360131,0.0
2013-05-07,-0.548916358191,0.964636099522
2013-05-06,-1.08513189448,0.176721644279
2013-05-03,0.341238065907,1.46399159056
2013-05-02,0.612341910707,-0.180834840265
2013-05-01,0.212725903614,-1.39796851273
2013-04-30,-0.562229907629,0.0590174110067
2013-04-29,-0.68407960199,1.40717656244
2013-04-26,-0.419727827893,-0.889688585715
2013-04-25,0.352112676056,2.16541654135
2013-04-24,-0.0306251914075,1.38669398046
2013-04-23,1.25316455696,1.44184881262
2013-04-22,-0.542351453856,1.01043024772
2013-04-19,1.32284980745,0.460371588293
2013-04-18,-1.85709749127,-0.691013514018
2013-04-17,-1.19047619048,0.966341219593
2013-04-16,1.79629360327,-0.916527034911
2013-04-15,-1.875,-4.12960609911
2013-04-12,0.548073911682,0.28427037271
2013-04-11,0.272727272727,0.0628172110553
2013-04-10,1.01266143648,0.85551650366
2013-04-09,-0.366740436295,1.97859552384
2013-04-08,0.906884659599,-0.486539085307
2013-04-05,0.362725901197,-0.129285710107
2013-04-04,0.521245374506,1.15867396202
2013-04-03,-1.0752688172,-0.0966838512187
2013-04-02,0.994237142546,-1.90173698579
2013-04-01,-0.35109114249,-1.53797860835
2013-03-28,0.825806451613,0.251889168766
2013-03-27,-0.431423052157,0.220756865997
2013-03-26,1.03036594861,-0.559353635799
2013-03-25,-0.20506164828,-1.52485509226
2013-03-22,0.458050182959,0.336703418225
2013-03-21,-0.0522602560753,-1.87310585336
2013-03-20,0.128590078329,-0.268416351578
2013-03-19,-0.644694942075,-0.628751459356
2013-03-18,-0.0384866275277,-0.329541631829
2013-03-15,-1.00989256188,1.01583504584
2013-03-14,0.0577293136626,0.929247574063
2013-03-13,0.511510605277,0.0602591160066
2013-03-12,-1.18693982074,0.757805349633
2013-03-11,0.0179544725874,0.732830534351
2013-03-08,-0.496203244849,0.183433206464
2013-03-07,0.0715671925673,-0.763358778626
2013-03-06,0.0612903225806,0.770178705181
2013-03-05,0.276625172891,0.249072236895
2013-03-04,0.378663586607,0.662254830093
2013-03-01,0.253340684151,0.984123809524
2013-02-28,0.0983929157101,-0.282929905153
2013-02-27,2.3692722372,2.84513094083
2013-02-26,-0.805221904176,-0.0647072144937
2013-02-25,-1.54416062949,-3.06865539169
2013-02-22,0.339285124922,1.29115235636
2013-02-21,-0.332445927869,-2.06414734836
2013-02-20,-1.11005599397,-1.73913659195
2013-02-19,1.49617304493,0.15551787524
2013-02-15,0.217601708774,-1.65137915439
2013-02-14,1.00846023689,-0.975309327177
2013-02-13,0.424126259125,0.151742028779
2013-02-12,0.63269493844,0.831012568112
2013-02-11,-0.263301873889,0.246907392166
2013-02-08,0.0369054127939,0.309399752475
2013-02-07,-0.465483449477,-0.617286998933
2013-02-06,0.0920873124147,0.930806701831
2013-02-05,0.648482646577,0.0309659452312
2013-02-04,-1.31547606895,-0.925066296639
2013-02-01,0.222814273741,1.05426356589
2013-01-31,0.430292598967,-0.678584249142
2013-01-30,-0.74693042292,0.0578230702515
2013-01-29,-0.0988816148391,1.10626498435
2013-01-28,-0.511951178166,-0.606419272122
2013-01-25,0.402181322427,0.0289326005207
2013-01-24,0.406495691283,0.7609072731
2013-01-23,0.547746503195,0.679480099231
2013-01-22,0.849670926629,0.325062056738
2013-01-18,-0.137787056367,0.148145185185
2013-01-17,0.178736001341,-0.353666371942
2013-01-16,-0.0251748251748,-0.678663342539
2013-01-15,0.463716466495,0.146883074416
2013-01-14,0.885392782814,1.33017136682
2013-01-11,-0.334507042254,0.147885236679
2013-01-10,0.723268206039,0.0887281843026
2013-01-09,-0.841431283112,0.540216086435
2013-01-08,0.574200221121,-1.1940358209
2013-01-07,-0.538492646276,1.29674306393
2013-01-04,-0.0539470041667,1.29518068388
2013-01-03,0.392142857143,0.545953880923
2013-01-02,2.01680672269,0.181864190248
2012-12-31,1.17735849057,2.27776329397
2012-12-28,-0.485600341192,-0.722131868132
2012-12-27,-0.223546944858,-1.16923384615
2012-12-26,-0.536947642035,0.558300213505
2012-12-24,0.264323740739,0.593935604877
2012-12-21,-0.25528136446,-0.187204374016
2012-12-20,0.65232682981,1.27805478316
2012-12-19,0.148148148148,-1.06772120402
2012-12-18,0.533412357386,3.01602576186
2012-12-17,0.263950332726,1.08005082592
2012-12-14,-0.431627906977,1.74870795818
2012-12-13,-0.223048327138,-0.449146615335
2012-12-12,2.2120518688,-0.256163944925
2012-12-11,-0.0213970762424,1.04132443866
2012-12-10,-0.230376077504,1.15664573695
2012-12-07,-0.251103332826,2.08894541779
2012-12-06,-0.345495273169,0.304568538226
2012-12-05,0.30217935413,0.408576765115
2012-12-04,-0.671599317018,0.102490604715
2012-12-03,-0.36487803404,-3.26841190926
2012-11-30,0.0326071295868,0.633336666667
2012-11-29,-0.692797168568,-0.166386028831
2012-11-28,0.37253414264,1.52957511897
2012-11-27,-0.299093655589,0.575484069889
2012-11-26,0.131581932439,1.2662594547
2012-11-23,0.674167539744,1.87239597781
2012-11-21,0.775134305449,-0.0693481276006
2012-11-20,0.0445656767452,0.313588839248
2012-11-19,-0.0230715988618,1.8400601557
2012-11-16,0.677174547577,-0.822306071588
2012-11-15,0.0218493952399,-1.34418464804
2012-11-14,-1.22933446376,-2.04364385024
2012-11-13,0.844772967265,-1.46958304853
2012-11-12,-0.0701754385965,-1.94141682761
2012-11-09,0.581803274811,-0.170006800408
2012-11-08,-1.32576493915,-2.21707485828
2012-11-07,-1.41776429477,0.597808017343
2012-11-06,0.120291764994,1.29439433436
2012-11-05,-0.347979044778,1.96743215739
2012-11-02,-1.57420950256,-1.94462755438
2012-11-01,1.03573158635,2.38014620877
2012-10-31,-0.76245210728,-1.28032681941
2012-10-26,-0.896874689646,0.612456638736
2012-10-25,-0.364718449565,-1.46179401993
2012-10-24,-0.694291130279,-0.466359093937
2012-10-23,-0.518095238095,-1.34762262102
2012-10-22,-0.773703074609,0.37124874692
2012-10-19,-1.11488732915,-1.15855018731
2012-10-18,-0.294550810015,0.565723812503
2012-10-17,1.01636904762,0.766411196268
2012-10-16,0.634328358209,4.80027663629
2012-10-15,0.64406779661,0.890630566441
2012-10-12,-0.925676686107,-0.636942675159
2012-10-11,-1.03199404762,-0.808442853833
2012-10-10,-0.608007170601,-1.09193029559
2012-10-09,-0.976331360947,-1.38888546489
2012-10-08,-0.148965354493,-0.172113603171
2012-10-05,-0.253863134658,-0.578821907429
2012-10-04,0.599367912251,0.829298520066
2012-10-03,0.423220973783,-1.74537993653
2012-10-02,-0.279191616766,-0.816326530612
2012-10-01,0.278971575058,0.445354558227
2012-09-28,0.245514636449,-0.241136746774
2012-09-27,-0.445112781955,-0.34188034188
2012-09-26,0.220122693818,-1.75557387726
2012-09-25,-0.647178810331,-1.55320224719
2012-09-24,-0.352795775439,-0.132191011236
2012-09-21,0.069893672392,-2.79472864744
2012-09-20,1.27984862819,0.717544031311
2012-09-19,0.440794183024,-0.321957511975
2012-09-18,0.414053645637,-0.321339963967
2012-09-17,-0.0113036925396,-2.718753125
2012-09-14,0.112909296199,2.02467250792
2012-09-13,2.37420050859,3.90082644628
2012-09-12,0.432132108959,-0.821557673349
2012-09-11,-0.0575837844063,-0.198016508185
2012-09-10,-0.200829479613,0.0330075921754
2012-09-07,0.0423444994495,2.50084488003
2012-09-06,1.20812182741,3.17959457793
2012-09-05,1.15188219926,-1.00904314544
2012-09-04,-0.0482824125376,-2.15237786129
2012-08-31,0.0355689048729,-0.912782285328
2012-08-30,-0.0229772129433,0.720168038409
2012-08-29,-0.0693524998424,0.0341214614166
2012-08-28,-0.3890625,-0.374535227289
2012-08-27,0.10854371813,-1.80179852525
2012-08-24,0.647566718995,0.504367854741
2012-08-23,-0.405236907731,-0.931157299634
2012-08-22,0.574802533823,0.199077644296
2012-08-21,-0.542354970551,0.0
2012-08-20,0.17916958791,0.532978014657
2012-08-17,0.734719399719,0.0663603207153
2012-08-16,0.397168698388,1.38326590362
2012-08-15,-0.194099988998,0.406094768396
2012-08-14,-0.181808208014,0.304156809733
2012-08-13,0.299212598425,-0.506753378378
2012-08-10,0.422457359444,0.0
2012-08-09,-0.157480314961,-0.167164827817
2012-08-08,-0.0157455518816,-0.133508015137
2012-08-07,-0.951341235184,-0.265428011461
2012-08-06,-0.938759689922,0.0667367389635
2012-08-03,1.16456692913,0.811084825955
2012-08-02,0.133998303217,0.241296104791
2012-08-01,-0.078431372549,1.34901072293
2012-07-31,-0.043137254902,0.41870551291
2012-07-30,0.352941176471,-0.893470790378
2012-07-27,0.420597484277,0.345065562457
2012-07-26,0.11811023622,-0.71452537307
2012-07-25,0.213948827258,0.0330469266358
2012-07-24,0.11170509854,-1.15131907895
2012-07-23,0.575597242264,0.395912253247
2012-07-20,-0.530063291139,-0.45073729719
2012-07-19,-0.42809763135,1.85365853659
2012-07-18,0.227380015736,2.33022295838
2012-07-17,1.233148295,0.63207254265
2012-07-16,-0.445059288538,-1.25454271197
2012-07-13,0.595030029553,1.26920169442
2012-07-12,-0.0980517202895,-0.798941384855
2012-07-11,0.667460691761,-0.915927379784
2012-07-10,-0.346834635624,-2.61312946505
2012-07-09,0.854307469942,-0.573796602684
2012-07-06,-0.243156199678,0.96123360978
2012-07-05,-0.152,1.05330354293
2012-07-03,0.199600798403,0.507453203062
2012-07-02,0.480403538973,-0.15842522682
2012-06-29,0.753971453915,0.703321588768
2012-06-28,1.1762295082,0.0326264274062
2012-06-27,0.449346405229,-1.06143454487
2012-06-26,1.14202898551,-1.50943086508
2012-06-25,-0.764613993258,-0.585871107
2012-06-22,0.503871205604,-0.665862570646
2012-06-21,-1.50560252417,-2.37318013566
2012-06-20,-0.550488206694,0.297082590612
2012-06-19,0.814193705189,1.11277894737
2012-06-18,0.342680395588,0.670734776547
2012-06-15,0.169689687089,1.95288604792
2012-06-14,1.32231404959,0.94636905532
2012-06-13,-0.448929159802,-0.534087338988
2012-06-12,1.02904564315,1.13386141732
2012-06-11,-1.05327868852,-3.07219671497
2012-06-08,0.826446280992,1.45339968404
2012-06-07,-0.301132951021,-0.964236331929
2012-06-06,1.61245529139,1.63566709429
2012-06-05,0.0488022415374,1.54757650485
2012-06-04,0.157989831506,0.428191685501
2012-06-01,1.56355932203,0.0989152654138
2012-05-31,-0.0210304942166,-0.28892776886
2012-05-30,-0.271795943968,-1.01459096339
2012-05-29,0.27796327212,0.566040898303
2012-05-25,-0.416666666667,-0.666458267217
2012-05-24,-0.0673327902376,-0.629924409449
2012-05-23,0.714882943144,1.2271973466
2012-05-22,0.383046048797,-1.26336568632
2012-05-21,0.388292764394,3.87755442177
2012-05-18,-0.827472072818,-0.304671621372
2012-05-17,-0.575894693542,-3.00330042915
2012-05-16,0.205676676265,-2.86727117051
2012-05-15,0.160851274437,-2.46445181675
2012-05-14,0.123431392718,-0.157626108374
2012-05-11,0.240816326531,0.657485890498
2012-05-10,-0.320239977299,-1.25766572133
2012-05-09,0.29377828332,0.374892244604
2012-05-08,0.0760210270926,0.281077451593
2012-05-07,1.3737704918,-0.154604205318
2012-05-04,0.701899256813,-0.949745739882
2012-05-03,-0.16393442623,-1.67563445097
2012-05-02,0.299808089877,-0.655352993744
2012-05-01,1.14652317881,-0.528948002614
2012-04-30,0.00827883102905,-2.0526134721
2012-04-27,-0.0413308534821,-1.16675871277
2012-04-26,0.587524480187,0.751656548135
2012-04-25,-0.120100083403,3.44036974082
2012-04-24,1.01265822785,-0.631268328911
2012-04-23,0.249152542373,0.433392070691
2012-04-20,-0.608519269777,0.770547923215
2012-04-19,-0.397406400335,1.04046537806
2012-04-18,-0.125104253545,0.698289226019
2012-04-17,1.08745468939,2.27474459526
2012-04-16,0.468193127564,0.538599673166
2012-04-13,-1.18113522538,-0.419913017397
2012-04-12,1.08765141319,2.09374375
2012-04-11,-0.640220938991,-1.30071225455
2012-04-10,-0.988481675393,-2.2208422098
2012-04-09,-0.521906788112,-1.00547836685
2012-04-05,-0.131736033922,-0.0299192342208
2012-04-04,0.329625051504,0.268576560345
2012-04-03,-0.0351307189542,-1.957964296
2012-04-02,0.609266092661,1.18634255827
2012-03-30,-0.660902445584,0.376705324642
2012-03-29,0.254544561668,1.2140953509
2012-03-28,0.073358601296,-2.5977734113
2012-03-27,-0.66488500162,-1.76027097624
2012-03-26,0.861224489796,1.5945359224
2012-03-23,0.613547457278,1.41905883055
2012-03-22,0.280669313764,-0.202663572592
2012-03-21,-0.290757197264,-0.932988434634
2012-03-20,0.466198549605,0.369636074475
2012-03-19,0.320394331485,1.02621715928
2012-03-16,0.279031596225,0.684535063191
2012-03-15,1.16086235489,1.50812064965
2012-03-14,0.0611570247934,-0.519780522097
2012-03-13,1.44745649264,2.45779686112
2012-03-12,0.133528166885,-1.08887286639
2012-03-09,0.527693346842,0.353571018078
2012-03-08,-0.143338954469,1.07462985075
2012-03-07,0.0525677657852,1.19156431408
2012-03-06,-0.122881355932,-1.63438554375
2012-03-05,0.80118694362,-1.02820796039
2012-03-02,-0.493996627604,0.588238235294
2012-03-01,-0.0337837837838,1.21697539973
2012-02-29,-1.31046025105,-2.8414147381
2012-02-28,-1.02489626556,0.204197788921
2012-02-27,0.901278557954,2.02924810679
2012-02-24,0.62808697621,-0.382918987248
2012-02-23,0.591715976331,0.594180035651
2012-02-22,-0.94719195306,-1.26099714141
2012-02-21,0.155214363621,-0.602406752656
2012-02-17,0.374752621163,1.41988417386
2012-02-16,1.04166666667,2.28690539275
2012-02-15,-1.39585881162,-0.177938903383
2012-02-14,-0.524769101595,-0.621126867166
2012-02-13,0.193277310924,0.117121515835
2012-02-10,-0.522765598651,0.29497933363
2012-02-09,-0.356304493628,1.2650661215
2012-02-08,-0.0961618864454,0.443792912538
2012-02-07,0.355797404772,-0.0295187490262
2012-02-06,0.36850921273,1.10085983038
2012-02-03,0.501669435077,0.647823929559
2012-02-02,-0.312262638197,1.26812201897
2012-02-01,-0.381392123534,0.56296
2012-01-31,-0.611040876528,-0.178736967531
2012-01-30,-0.148179508891,0.575754545455
2012-01-27,0.00922818791946,0.601325953177
2012-01-26,-0.325433911883,-1.29984645789
2012-01-25,2.30277185501,1.13909169247
2012-01-24,-0.0391089950689,2.07951063977
2012-01-23,-0.444034852547,-1.01674943232
2012-01-20,0.230125523013,1.15116941237
2012-01-19,1.0455026455,-0.392633633566
2012-01-18,1.25481798715,1.74953948744
2012-01-17,-0.455377282206,-0.275061116288
2012-01-13,-0.02574002574,-0.0936006269454
2012-01-12,0.985432733505,2.90771817028
2012-01-11,1.16905930099,1.71521035599
2012-01-10,0.664437399574,0.421393841167
2012-01-09,-0.510913388016,-0.492449129759
2012-01-06,-0.865800865801,0.563847429519
2012-01-05,0.808911978522,1.1409396356
2012-01-04,-0.950006448008,0.537092966194
2012-01-03,0.405697022011,1.7418032192
2011-12-30,-0.213043478261,-0.311958405546
2011-12-29,-0.0104042935051,1.55531631123
2011-12-28,-1.24731182796,-1.67539267016
2011-12-27,0.356555603635,0.173667934225
2011-12-23,1.11062906725,2.37841675541
2011-12-22,0.687558424993,2.33405908096
2011-12-21,0.372807017544,0.924898226974
2011-12-20,1.55173334758,2.66564737243
2011-12-19,-1.49026548673,-2.72108475892
2011-12-16,-0.42109929078,0.764529816514
2011-12-15,-1.79117518567,-0.347624578896
2011-12-14,0.0786837708092,0.0
2011-12-13,-1.04352518299,-3.34083721249
2011-12-12,-0.499131944444,-1.20030007502
2011-12-09,-0.0739333396377,3.91104294479
2011-12-08,-0.814053127678,-2.58369723435
2011-12-07,1.48310903598,0.18011167147
2011-12-06,0.621251071123,0.178567857143
2011-12-05,-0.0850340136054,-1.0604488844
2011-12-02,-1.05423221992,-0.537634408602
2011-12-01,0.0213857998289,0.878155872667
2011-11-30,2.91371748665,2.93461738484
2011-11-29,-0.466836959394,0.468205246516
2011-11-28,0.905270251099,-0.388349514563
2011-11-25,0.701198823796,-0.447522375915
2011-11-23,-1.04306562808,-0.766442082838
2011-11-22,0.425151040501,-0.198416658793
2011-11-21,0.876601483479,-0.590318772137
2011-11-18,0.543284645529,-1.55538689092
2011-11-17,-0.666963094709,-2.49441539485
2011-11-16,-0.745654769802,-1.20924143608
2011-11-15,0.698701528134,0.0723065798988
2011-11-14,-1.02432667246,-0.818793164827
2011-11-11,0.314511855012,1.87929526563
2011-11-10,-0.694516971279,-1.11832255117
2011-11-09,-1.70866039291,-1.52173913043
2011-11-08,0.406939387449,0.847158489234
2011-11-07,0.196753139816,0.498749554685
2011-11-04,-0.808565310493,-0.318358684117
2011-11-03,1.20712813011,0.350634642356
2011-11-02,1.3698272486,0.178887292347
2011-11-01,-0.595644187877,3.63912447457
2011-10-31,-1.16205366575,-2.99234864301
2011-10-28,0.835252004101,1.49201943095
2011-10-27,1.6722972973,2.1411021411
2011-10-26,1.73496781144,-0.0371784386617
2011-10-25,-0.939777522056,-4.74649064173
2011-10-24,0.297048512167,1.89920021546
2011-10-21,1.20405411284,1.45251396648
2011-10-20,1.20213713268,-0.75102894296
2011-10-19,-0.821444781645,-4.28366075293
2011-10-18,2.96175053264,5.26914728086
2011-10-17,-1.61890667743,-4.15462066474
2011-10-14,0.220628299376,1.57798165138
2011-10-13,0.292200494493,-0.965466023023
2011-10-12,0.906017579446,1.60089346236
2011-10-11,-0.541516245487,1.1106816886
2011-10-10,1.38181818182,2.34466979289
2011-10-07,-2.26039783002,-2.90196078431
2011-10-06,1.40391338568,3.85562362
2011-10-05,0.28692444323,6.7073217207
2011-10-04,5.34760890536,8.41653787843
2011-10-03,-1.67286245353,-3.49933138182
2011-09-30,-0.558659217877,-4.26257477675
2011-09-29,1.10174983798,-2.58514966823
2011-09-28,-2.06896551724,-6.71377725614
2011-09-27,-1.35159817352,0.0
2011-09-26,4.91037311484,2.76729559748
2011-09-23,0.3300330033,2.03817007971
2011-09-22,-0.563803235654,-7.73547463986
2011-09-21,-3.27480463899,-5.72166482097
2011-09-20,-0.442857142857,-2.0474137931
2011-09-19,-0.715781458214,0.580551545013
2011-09-16,-0.167785234899,1.57931796198
2011-09-15,1.42162007442,1.49963423555
2011-09-14,0.384615384615,1.73912658831
2011-09-13,-0.375541646606,1.5046257716
2011-09-12,2.27407086273,1.81818584262
2011-09-09,-1.32947419199,-2.7913994719
2011-09-08,0.239808153477,-0.148481805921
2011-09-07,1.98452741339,-0.0369276218611
2011-09-06,-0.0243664717349,1.31782950844
2011-09-02,-1.42180094787,-0.447264256429
2011-09-01,-1.96207508183,-2.71413807846
2011-08-31,0.652869600301,-0.524472027972
2011-08-30,0.21662979351,0.497862713447
2011-08-29,2.66666666667,3.6616625288
2011-08-26,1.56077321287,2.67993481317
2011-08-25,-3.12280603218,-1.74916629143
2011-08-24,2.25961538462,2.36551325317
2011-08-23,1.93364742835,2.24893360803
2011-08-22,-2.03846153846,-5.25731210663
2011-08-19,-0.42701863354,-0.303720577069
2011-08-18,-0.650236966825,-5.84733914031
2011-08-17,0.0682021363858,0.407743798845
2011-08-16,0.129062209842,-1.57771394502
2011-08-15,0.532284193474,1.21130892366
2011-08-12,-0.829493087558,-0.775455158463
2011-08-11,3.68362457041,3.48223707351
2011-08-10,-3.35817375719,-1.02076381556
2011-08-09,6.02320654603,6.49256800871
2011-08-08,-3.94126150803,-5.38273661717
2011-08-05,-0.186046511628,-2.16898679731
2011-08-04,-2.74234693878,-8.15151818182
2011-08-03,0.515454578396,0.356606219518
2011-08-02,-1.35987562767,-2.82829420905
2011-08-01,-1.01410934744,-1.6787995703
2011-07-29,0.0,-0.257437078302
2011-07-28,0.3,0.42588868751
2011-07-27,-0.593511298007,-4.13698082192
2011-07-26,-0.185022026432,-0.0278945892946
2011-07-25,-0.267192290845,2.68189165997
2011-07-22,-0.221538355444,-0.19635342517
2011-07-21,1.23133350799,1.07435965718
2011-07-20,-0.14957881754,0.919540256309
2011-07-19,1.34840425532,0.404387648885
2011-07-18,-0.0443655723159,-1.29608579216
2011-07-15,-0.920245398773,0.865797929824
2011-07-14,-0.566448801743,0.465251540135
2011-07-13,0.516366182391,-0.291115009672
2011-07-12,0.692259282568,-0.815621857523
2011-07-11,-0.964489259097,-1.98379150646
2011-07-08,-0.286875655437,-0.573924569555
2011-07-07,0.742788046295,0.731696437306
2011-07-06,-0.556123421285,0.829643252212
2011-07-05,-0.634648370497,0.0
2011-07-01,1.57944979606,1.05732056364
2011-06-30,0.596970957233,0.390404339364
2011-06-29,0.776275621457,0.39270404529
2011-06-28,0.399320454665,1.60457583928
2011-06-27,0.141043723554,0.114060450528
2011-06-24,-0.0309364918018,-1.61966206033
2011-06-23,0.25635359116,0.820823616144
2011-06-22,-0.170578304189,0.306665745934
2011-06-21,-0.312635692575,2.35461560284
2011-06-20,0.80823053982,1.42152012122
2011-06-17,-0.220264317181,-1.14318941737
2011-06-16,1.8018018018,-1.23350828361
2011-06-15,-1.03258683117,-1.28315084117
2011-06-14,0.112813679769,0.451733509415
2011-06-13,0.3456003456,-0.681823844266
2011-06-10,-0.870380289234,0.0285196797342
2011-06-09,0.570100973997,0.399654593196
2011-06-08,-0.52274288365,-1.16213155221
2011-06-07,-1.07815284714,-0.170266732675
2011-06-06,-1.03558454064,0.631460964409
2011-06-03,-0.257248746457,0.256337218561
2011-06-02,-0.175010560982,1.56205343829
2011-06-01,-1.96153194374,-2.4729201182
2011-05-31,1.08080507212,-0.220927926565
2011-05-27,-0.668459404664,-0.946023955092
2011-05-26,0.829975135042,-0.0559910398659
2011-05-25,1.01271277742,2.40520373514
2011-05-24,-0.534188034188,-0.337170553526
2011-05-23,-0.196237361887,1.19352660396
2011-05-20,-0.215553677092,-1.79983647668
2011-05-19,-0.783806343907,-1.33868815736
2011-05-18,0.764099966228,0.928200902861
2011-05-17,-0.367096068031,-2.5086788762
2011-05-16,0.0562869120328,-0.997639800473
2011-05-13,-1.36039821365,-1.86700521059
2011-05-12,0.858404867072,-0.25621061379
2011-05-11,-1.17268772461,-3.60849984203
2011-05-10,0.31594536778,1.850005
2011-05-09,0.447575631993,0.631313163198
2011-05-06,-0.55394791236,-0.600595610625
2011-05-05,-1.78159973667,-0.959356198956
2011-05-04,-1.22748929985,-1.97823941588
2011-05-03,0.760766643811,0.0493850309022
2011-05-02,-0.217709179529,0.608420540277
2011-04-29,-0.2,-0.170479781528
2011-04-28,0.244979919679,-0.147169487368
2011-04-27,0.135177541217,-0.448877827874
2011-04-26,0.569719988686,1.29245314983
2011-04-25,0.0243082283353,0.0762919633774
2011-04-21,0.410764297601,2.54545454545
2011-04-20,0.386885245902,-0.130613901009
2011-04-19,0.13184079602,1.56250543002
2011-04-18,0.270382695507,-0.804081993994
2011-04-15,-0.540496206684,1.72320952405
2011-04-14,0.328506412909,1.37249519627
2011-04-13,-1.32513939197,-1.52937751543
2011-04-12,-0.211717763935,-0.377355815491
2011-04-11,0.608553971487,-1.48709619165
2011-04-08,-0.186984268932,0.0259724760308
2011-04-07,0.0993768582251,-0.467400699424
2011-04-06,-0.451821862348,-0.82452716247
2011-04-05,-1.00522718134,1.33682299676
2011-04-04,-0.873154090226,0.421163441897
2011-04-01,-0.507936507937,0.423841059603
2011-03-31,-0.520816793166,1.1250950375
2011-03-30,0.692490292559,-1.00930140721
2011-03-29,0.641838351822,0.567115867327
2011-03-28,-0.562247734519,-0.134804529523
2011-03-25,-0.063305978898,0.677506738347
2011-03-24,0.180363864492,-0.460335770376
2011-03-23,-0.0338050314465,0.990646670336
2011-03-22,-0.35972629521,-0.863695030059
2011-03-21,1.21272129589,0.461961969075
2011-03-18,-0.559006706486,-1.40264847627
2011-03-17,0.771887060735,0.0
2011-03-16,-2.09339774557,-1.92468072104
2011-03-15,-0.897216943689,2.39179961252
2011-03-14,-0.170594553611,0.604567205402
2011-03-11,1.26582278481,0.68418169994
2011-03-10,-0.2421875,-1.73472373273
2011-03-09,-0.132306859066,0.158525767954
2011-03-08,1.17389776233,2.51605453651
2011-03-07,-0.677042801556,-1.24569838325
2011-03-04,-1.30869899923,-0.976508339311
2011-03-03,0.865011636928,1.5545376158
2011-03-02,-0.351974970669,1.77876320178
2011-03-01,-2.54946727549,-3.16184619507
2011-02-28,1.78294573643,1.5300601929
2011-02-25,1.83714041629,1.48085774013
2011-02-24,0.504823151125,-0.252951081903
2011-02-23,-0.354592860008,-2.1195625576
2011-02-22,-0.836571247324,-1.69311909241
2011-02-18,0.306483300589,-0.567587748586
2011-02-17,0.287231949636,1.51911471975
2011-02-16,-0.371819960861,0.577723183943
2011-02-15,0.0078431372549,-1.04275805415
2011-02-14,0.283161684537,1.39621447303
2011-02-11,0.870942201108,1.10643311661
2011-02-10,0.596509900793,2.4999999328
2011-02-09,-0.134920634921,-1.00423097252
2011-02-08,0.153671886758,0.556583620461
2011-02-07,0.96,1.81325570194
2011-02-04,0.415685076343,0.406937048103
2011-02-03,0.768297614234,-0.783140717881
2011-02-02,-0.793905372895,1.55209802926
2011-02-01,1.78861788618,1.73474808423
2011-01-31,-0.23225490995,1.51644916977
2011-01-28,-1.34835076428,-1.76519478188
2011-01-27,0.12082158679,0.793423043541
2011-01-26,-0.160320641283,-0.479140360767
2011-01-25,0.710823909531,-0.226249993602
2011-01-24,2.09273697169,1.15640936687
2011-01-21,-1.06709569386,0.116113204177
2011-01-20,-0.134474025063,-2.55753914628
2011-01-19,-0.93954248366,-1.97882658922
2011-01-18,0.581490581491,0.111268425278
2011-01-14,1.21900826446,1.12581202155
2011-01-13,0.364359059291,0.0561352776836
2011-01-12,0.926544240401,0.589222799922
2011-01-11,-0.3475129794,-0.280972183198
2011-01-10,-0.110284902665,1.69006015468
2011-01-07,-1.06391773031,-1.13218787817
2011-01-06,-0.680249699405,1.7857113541
2011-01-05,1.33667502089,0.405324249991
2011-01-04,-0.290335960182,-0.742851428571
2011-01-03,-0.04313562837,1.42069577149
2010-12-31,1.30361648444,-0.175444439314
2010-12-30,-0.584307178631,0.263466042155
2010-12-29,0.0,-0.436303070497
2010-12-28,-0.188927358679,0.0291009609864
2010-12-27,0.55230125523,0.321452357643
2010-12-23,0.0417710944027,0.467153284672
2010-12-22,-0.487744286187,0.939794447571
2010-12-21,0.835073068894,-0.0586392996269
2010-12-20,-0.0250983016816,-0.878731718768
2010-12-17,-0.167574361123,-1.13569889342
2010-12-16,0.318524727578,1.08886992348
2010-12-15,-0.658388199017,-0.412007062978
2010-12-14,-0.37958527408,-0.263546104624
2010-12-13,-0.309099798629,-0.146495747246
2010-12-10,0.520074890784,0.235357444227
2010-12-09,-0.103412616339,0.592595555556
2010-12-08,0.885436244414,-0.739426183395
2010-12-07,-1.34571645186,-0.412991126077
2010-12-06,-0.412541254125,1.29909675523
2010-12-03,-0.129979104625,1.15221649485
2010-12-02,0.660066006601,2.27692923077
2010-12-01,-0.0181635045656,1.91763288015
2010-11-30,1.26368997473,1.23376952058
2010-11-29,0.890532718863,1.13159068865
2010-11-26,0.125733445096,0.256334516384
2010-11-24,0.695256877361,2.16129032258
2010-11-23,-0.728368705262,-0.291167906826
2010-11-22,-0.307436643124,1.44927862961
2010-11-19,0.247933884298,1.50447823303
2010-11-18,0.676910299003,1.12867139632
2010-11-17,-0.624687656172,-0.22853412434
2010-11-16,0.0116642366174,-0.843611291369
2010-11-15,-0.15042467962,-0.732714263546
2010-11-12,-0.904899135447,-0.159492822967
2010-11-11,-0.552373158756,1.27347659981
2010-11-10,1.37677264646,0.859328453215
2010-11-09,-1.82164109622,-1.30313682904
2010-11-08,-0.871836078746,1.15696685428
2010-11-05,1.34796997336,-0.581214456446
2010-11-04,0.895643363728,2.56650696192
2010-11-03,0.292301358584,0.477551735116
2010-11-02,0.0779436152571,0.4479968
2010-11-01,0.167364016736,-0.643296880026
2010-10-29,-0.608181288011,-0.161861449073
2010-10-28,-0.867231055131,-2.18699848453
2010-10-27,-1.50210212662,0.0962123155869
2010-10-26,-0.994426400417,0.832266325224
2010-10-25,-0.449858672718,3.1035542926
2010-10-22,0.128184585804,-1.14565633865
2010-10-21,-0.183655465555,1.26078637229
2010-10-20,0.34732038286,2.33898644068
2010-10-19,-0.799228884694,-0.170122496432
2010-10-18,0.280448717949,1.87777050605
2010-10-15,-1.34387351779,-0.271094544222
2010-10-14,0.0214993828881,-1.64429535719
2010-10-13,0.23017534886,-0.765387712658
2010-10-12,0.942649434572,0.438002021563
2010-10-11,-0.303931867938,-0.466822274091
2010-10-08,-0.00401187515044,2.91295750514
2010-10-07,-0.840055367286,0.275197798418
2010-10-06,-0.0511182108626,2.15243824982
2010-10-05,0.911989023849,2.29967301473
2010-10-04,-0.359901330422,-1.00901261261
2010-10-01,-0.749699639567,0.649812250909
2010-09-30,0.375703436155,-0.723069414317
2010-09-29,-0.147819063005,-0.976142443962
2010-09-28,-0.00401606425703,0.0718426724138
2010-09-27,-0.8413557482,-0.711241084238
2010-09-24,1.30639402791,2.63254113346
2010-09-23,-0.862068965517,0.14852952098
2010-09-22,-0.78366640491,0.810619042396
2010-09-21,-0.304997325285,0.0
2010-09-20,0.691874497184,1.57009345794
2010-09-17,-0.398406374502,0.262660412758
2010-09-16,0.143965448292,0.303835928599
2010-09-15,0.717805268192,-0.380662352493
2010-09-14,-0.308258937508,0.226679268103
2010-09-13,0.806451612903,1.1411144488
2010-09-10,0.386234817814,1.08907433252
2010-09-09,0.521736299335,-1.75907839388
2010-09-08,0.700065811122,1.05923891722
2010-09-07,-0.370065789474,-2.70992737748
2010-09-03,0.295227160899,1.30118642561
2010-09-02,0.0529205530198,1.33123722274
2010-09-01,2.01850294365,3.0193236715
2010-08-31,1.60530821918,0.869209437086
2010-08-30,-0.588685665674,-1.01708706265
2010-08-27,2.16262975779,3.86554638091
2010-08-26,-0.665798611111,1.58322201184
2010-08-25,0.392478370081,0.740740708464
2010-08-24,0.465656724502,-2.44725728071
2010-08-23,-0.608919382504,-2.19690398698
